{
  "model": "AttentiveFP",
  "n_tasks": 1,
  "in_node_feats": 104,
  "in_edge_feats": 79,
  "lr": 8.288722808362108e-05,
  "weight_decay": 0.025245413736970725,
  "patience": 15,
  "batch_size": 256,
  "num_layers": 3,
  "num_timesteps": 1,
  "graph_feat_size": 16,
  "dropout": 0.2565148274779118
}