{
  "model": "GAT",
  "n_tasks": 1,
  "in_node_feats": 104,
  "in_edge_feats": 79,
  "lr": 0.014207785102255337,
  "weight_decay": 3.2346438904900023e-06,
  "patience": 15,
  "batch_size": 256,
  "dropout": 0.30185149288059204,
  "gnn_hidden_feats": 32,
  "num_heads": 4,
  "alpha": 0.69093,
  "predictor_hidden_feats": 128,
  "num_gnn_layers": 4,
  "residual": true
}