{
  "model": "GCN",
  "n_tasks": 1,
  "in_node_feats": 104,
  "in_edge_feats": 79,
  "lr": 0.00048084965735633076,
  "weight_decay": 1.9373641353715442e-05,
  "patience": 15,
  "batch_size": 256,
  "dropout": 0.02456543043946101,
  "gnn_hidden_feats": 256,
  "predictor_hidden_feats": 64,
  "num_gnn_layers": 5,
  "residual": true,
  "batchnorm": true
}